102,Dav,Olofström,43095
721,Clevie,Grugul,32416
427,Yard,Silute,38052
384,Sephira,Las Lomas,89693
790,Robbert,Malunda,49917
595,Konstantin,Plandirejo,24702
534,Dori,Macieira de Rates,41830
762,Raffarty,Ipaba,95869
133,Dorolisa,Temeke,63299
620,Jennette,Kálymnos,68887
488,Chevy,Nikinci,10365
127,Davita,Kema,89893
219,Filippa,Lebak,18220
748,Gustavus,Genang,88489
421,Jori,Ḩabīl ar Raydah,40241
564,Janos,Stende,69746
701,Leanna,Kepoh,95413
894,Pat,Caen,39524
774,Krissy,Krajan Sumberanget,54987
613,Baxter,Tiegai,87523
121,Zebadiah,Tatariv,89003
782,Lorelei,Chengxiang,96339
84,Nessi,Aş Şūrah aş Şaghīrah,22093
694,Noll,Yinkeng,37259
144,Ashlie,Berlin,37848
211,Vivyanne,Sirre,61936
588,Burtie,Huainan,77360
215,Kaylil,Vukovar,69778
35,Kipp,Tongzi,89626
466,Kellie,Xinxikou,44691
416,Ardis,Haarlem,37103
123,Phylys,Basseterre,73401
345,Maximilien,Tadine,89178
713,Norry,Ixopo,12989
1,Edmon,Cileles,18384
813,Vernen,Skibbereen,77394
204,Odetta,Pochuta,45197
182,Teresita,Bagakay,46442
379,Mordecai,Tuqiao,81540
329,Jade,Budakovo,48479
646,Chick,Lysogorskaya,12544
76,Ira,Ciperang,84401
15,Ina,Maldonado,66146
574,Florencia,Wanganui,42386
552,Florry,Santa María Ixhuatán,21059
519,Lee,Białołeka,55687
105,Prescott,Kolaka,24930
406,Reagan,San Luis,90326
186,Zarah,Casal da Anja,85905
525,Allin,Komenda,68946
588,Trisha,Maca,14099
882,Barbara-anne,Liudaogou,11262
645,Wiatt,Nijmegen,25705
494,Cathrine,Tabango,33481
345,Edna,Leon,76208
105,Hadleigh,Varginha,90356
50,Pammie,Skärhamn,39163
236,Shae,Yueyang,27141
82,Cathrine,Orito,12763
19,Nicki,Pongol,27647
422,Andromache,Talhār,63411
362,Stace,La Courneuve,20674
72,Dareen,Apeldoorn,37833
98,Belicia,Sceaux,46647
498,Shurlock,Smederevo,41261
153,Thaddeus,Daban,91944
399,Lind,Kuruman,81125
50,Corny,Muchkapskiy,38271
458,Kellia,Bukui,27535
578,Fabe,Cayambe,69826
988,Yance,Isla Pucú,21588
993,Dorry,Lubbock,41841
2,Chelsae,Ruo,33811
414,Sandy,Johor Bahru,79075
222,Sisely,Předklášteří,48302
500,Asia,Delareyville,15789
772,Maybelle,Neuilly-sur-Marne,48235
513,Lauren,Sancha,20212
460,Boonie,Kristinestad,43619
600,Rebekkah,Las Animas,19108
525,Harriott,Skënderbegas,19191
933,Lotty,Muncar,96038
855,Aldin,Thomastown,91026
450,Ericka,Jardín América,12616
251,Mallissa,San Carlos,81987
546,Angelia,Vostochnoe Degunino,39436
721,Gannon,Ōita,92856
800,Rosanne,Krajan Kidul Rojopolo,92001
531,Stephana,Ar Rudayyif,57989
765,Christin,Balky,19635
565,Read,Minien East,27306
905,Galven,Ji’ergele Teguoleng,53106
191,Randy,Novodmitriyevskaya,93110
115,Diannne,Laguna Paiva,32087
417,Stearne,Huanchillas,93188
187,Minor,Krajan Sumurtawang,95720
465,Elizabeth,Ishkhoy-Yurt,66093
493,Culley,Kertosari,21828
639,Calypso,Ipoh,60932
813,Friedrich,Bowen Island,19308
320,Thia,Tieshan,25413
566,Bordy,Tuguanpu,82006
636,Durante,Tyszowce,26688
220,Terrie,Lila,42931
566,Joya,Długosiodło,13491
77,Del,Argir,64704
455,Richy,Sempu,36056
94,Diane,Karangbungur,56097
774,Hagen,Xinxian,38714
835,Doralynne,Punata,63759
693,Shelba,Wailebe,97914
841,Chrystal,Cemara,63305
372,Myrlene,Shuguang,52883
450,Trev,Bromma,23207
791,Rubetta,Fenshui,43711
794,Neville,Ciudad Nueva,22909
538,Dena,Shuinan,95364
522,Natalie,Stockholm,56477
484,Ciel,Cigaluh,72963
771,Annabal,Lingmen,21523
593,Ragnar,Paris La Défense,14935
770,Marlowe,Brzeźnica,13738
949,Padraig,Rabat,84900
844,Pen,Motygino,54271
375,Cooper,Santa Cruz do Rio Pardo,72613
495,Barthel,Granica,25359
635,Meg,Seattle,91998
815,Man,Isdalstø,39244
172,Levi,Sumberbaru,26150
818,Des,Paris La Défense,40513
610,Jean,Mādabā,20637
993,Minetta,Štoky,72773
554,Artemus,Nuuk,49996
966,Curt,Jinjiang,93295
518,Benyamin,Cililitan,24559
990,Clive,Chengdong,35617
55,Vachel,Nizhnyaya Omka,40883
159,Tiphany,Issenye,28665
896,Chere,Yacheng,41577
976,Sandy,Four Cross Roads,91379
610,Kameko,Niujiang,60634
710,Ferris,Jaguariaíva,55420
588,Harli,San Esteban,88253
63,Mira,Sumberrojokrajan,99830
269,Tabbie,Hulan,82076
910,Mabelle,Brocēni,43348
516,Isa,Ciloa,93053
862,Chrissie,Kopashnovo,74607
503,Esme,Mirriah,72118
42,Bord,Chadi,28649
321,Ailina,Ilha de Moçambique,29535
58,Fanchette,Tominian,86101
887,Uriah,Saint Petersburg,14712
924,Esta,Buenaventura,24018
767,Adah,Cajazeiras,89106
848,Loren,Cheongsong gun,10024
189,Brandice,Buda-Kashalyova,46485
250,Saidee,Betzdorf,47688
647,Jordanna,Los Palacios,12708
744,Krishna,Xiaolongmen,80934
504,Gibbie,Richmond,72518
740,Prudence,Ipoh,80075
711,Anett,Bořetice,91889
90,Glynnis,Pappadátes,66472
10,Ola,Garawati,78529
625,Anatola,Bayan,35838
201,Tobye,Los Pinos,23654
898,Ivette,Huanshan,62503
801,Crawford,Pulau Pinang,64614
961,Atlanta,Grudë-Fushë,54486
820,Magnum,Stoczek Łukowski,15907
261,Lorrie,Podgornoye,45597
110,Kati,Rungis,38689
160,Marline,Horad Krychaw,37867
687,Rakel,Faqīrwāli,43534
583,Katee,El Progreso,15926
878,Meryl,Il’inskiy,71742
886,Hatti,Yongning,49180
135,Locke,Fengchan,60606
468,Andree,Paris 18,31659
822,Israel,Néa Ionía,47903
474,Allard,Ichinomiya,34858
620,Griswold,Nanfeng,70434
297,Rab,Benito Juarez,66715
879,Brooks,Kondangrege,61695
289,Regen,Yeniugou,12828
869,Tuck,Zernograd,79845
623,Ernaline,Estância,90266
838,Myrna,Moyogalpa,25914
227,Ryann,Xinning,86509
397,Willard,Amorim,75756
287,Brit,Rogoźnik,84187
449,Cairistiona,San Juan Bautista,40345
432,Wenona,Jimaguayú,77718
677,Flo,Tây Đằng,57392
147,Conchita,Posadas,17526
901,Van,Ragana,20880
579,Thaine,Goiás,82750
414,Eric,Beiqijia,39719
480,Markus,Fangli,81916
381,Kaine,Filipstad,27791
138,Hallie,Dongting,92924
778,Emlynne,Várzea,96936
567,Sheila,Ordino,24834
166,Bertrand,Saint-Denis,29725
230,Munmro,Kozakai-chō,20616
915,Iggie,Novaya Mayna,85610
449,Maura,Ōdate,90638
514,Lynnell,Adamstown,88844
530,Orren,Berlin,11373
121,Loraine,Pasarkuok,27989
740,Teressa,Goundam,58268
932,Arlyn,Zhuxi,22829
241,Wakefield,Kasangulu,71880
780,Lesli,Tambakrejo,82430
352,Jenna,Puyang,50651
804,Leonanie,Melong,71001
91,Sergent,Höllviken,39616
427,Zollie,Yuanjiazhuang,92381
861,Cicely,Bira,19532
842,Buffy,Beni Khiar,77762
89,Mason,La Unión,47094
924,Hayward,Humniska,78842
204,Alida,Sarany,48096
524,Julianne,Zongzhai,97328
653,Jillene,Abu Dhabi,46897
689,Elna,Bouna,99923
740,Krista,Yelets,13081
839,Audi,Niverville,44115
71,Malynda,Quezalguaque,57495
468,Raina,Inta,44049
389,Laurel,Omigawa,11478
783,Debby,Aragarças,89789
438,Daffie,Kampen (Overijssel),86291
198,Adelheid,Bianzhuang,78771
845,Cami,Laborde,83418
219,Izabel,Gushui,93356
50,Sile,Sokal’,41614
843,Torry,Roblin,65331
488,Merralee,Kajiki,87587
876,Quintus,Bolo,99562
533,Nickie,Tokarnia,61441
252,Ryon,Cookshire-Eaton,42783
932,Joly,Paraguaçu Paulista,11703
544,Otha,Putrajaya,60709
179,Albert,Bull Savanna,72330
399,Anastasie,Berlín,41496
732,Charita,Gabasumdo,27704
699,Tobe,Xiangshan,41032
511,Lina,Silae,92317
987,Merna,Zishan,71612
707,Clair,Amassoma,85967
519,Claire,Ilioúpoli,12773
874,Wilt,Rila,56530
675,Ellis,Keswick,97494
69,Doretta,Waco,18694
367,Arabele,Shaoxing,10367
854,Niles,Beigang,78557
423,Natka,Ceres,74840
339,Ethelda,Líbano,69688
498,Glory,Maralal,44555
425,Caren,Chernyshkovskiy,86451
277,Gerri,Dukuh,50608
508,Porty,Grand Rapids,57357
497,Elie,Mamali,24835
605,Kattie,Melenki,79510
614,Lyssa,Pantaibesar,53068
874,Mandie,Paris 13,43567
96,Phillie,Coruripe,71638
949,Elfie,Calumpang,45982
482,Patti,Gaojia,67791
578,Hillery,San Rafael Petzal,12291
407,Remington,Mutengene,28847
462,Jamima,Abbottābād,30878
303,Zorah,Yesan,39492
247,Rakel,Suqu,72822
711,My,Viñac,38075
848,Robbin,Chor,30125
921,Anita,Sukaraja,88710
425,Gabbie,Bondowoso,20436
786,Dmitri,Charleston,14614
767,Rianon,Szeged,46231
444,Flor,Mlawat,83869
829,Shelby,Berezanka,74693
932,Arte,Zorgo,68915
513,Pavia,Piedecuesta,90613
79,Penrod,Chornukhyne,60617
489,Lyn,Kvänum,71660
608,Jacenta,Cernache do Bonjardim,73199
565,Sarene,Sayyān,54513
682,Judith,Haixing,73750
577,Duky,Kota Kinabalu,48744
329,Giraldo,Staritsa,14217
306,Leena,Nofoali‘i,53655
93,Dolores,Kakegawa,47669
863,Sauveur,Gombong,24927
5,Madelin,Zselickislak,99525
773,Chevy,Sanshandao,23397
270,Vernice,Mospyne,75334
314,Early,Monching,35477
729,Cleo,Belo Blato,48805
485,Lavinia,Batabanó,54062
683,Floyd,Sandefjord,88776
469,Dorita,Na Di,57209
54,Karon,New Plymouth,93344
14,Tye,Salitrillos,77552
991,Ches,Skövde,33744
405,Shina,Pokrovskoye,99576
650,Stevena,Sijihong,89455
659,Nicolea,San Pedro Jocopilas,51874
875,Joell,Qinghaihu,61802
779,Donica,Nuradilovo,57666
221,Craggie,Krapivna,30608
803,Nev,Tyshkivka,63745
925,Robinette,Lukovë,87849
585,Nikolia,Dahao,47882
830,Zorine,Petrolia,54850
612,Siouxie,Affery,58849
601,Loren,Maki,89004
759,Mignon,Bindang,34950
746,Lin,Kuhmalahti,50098
246,Damien,Gimry,58337
417,Neilla,Pīshvā,35816
896,Derek,Bang Phae,19374
625,Xenia,Bungur,45283
181,Alric,Putinci,53781
799,Cathleen,Stara Błotnica,57239
449,Jackie,Detroit,98799
848,Cody,Wentugaole,91370
89,Sara-ann,Illintsi,18834
49,Nil,Kortesjärvi,52843
455,Chrysa,Thị Trấn Tà Lùng,72987
496,Jenni,Provatás,11852
743,Barde,Huanuni,12140
144,Reed,Medeiros Neto,72969
520,Hillard,Curahklapa,18534
171,Silvie,Brailiv,19426
940,Elyssa,Rixi,92746
232,Murray,Lishan,35898
869,Verne,Moganshan,36222
356,Nannette,Perches,34151
125,Fernandina,Pulo,65381
833,Philip,Pasadena,65993
856,Clim,Cube,73145
711,Isidoro,Bilyarsk,63986
242,Tybalt,Campelos,26379
690,Gerrilee,Tuanchengshan,10440
157,Roselle,Dawuhan,81615
707,Garrott,Shuangyuan,93516
661,Sheelagh,Curahuasi,59843
632,Pietrek,Khakhea,45773
346,Conrade,Nanping,81500
396,Ali,Knjazevac,13437
130,Mead,Kampungbajo,16488
758,Lydie,Krotoszyn,39971
637,Phedra,Kawaguchi,28604
901,Torrin,Ol’gino,19050
742,Kinna,Kamakura,87333
599,Giulietta,Delft,35964
216,Sheree,Luozhuang,61581
719,Dixie,Zhangxi,11106
275,Rip,Dve Mogili,12374
942,Rudie,Runović,73108
134,Celia,Gisiliba,88403
50,Stanly,Nkpor,98600
957,Tarrah,Taoyuan,63922
444,Pamela,Espinosa,23295
852,King,Memaliaj,51771
329,Dicky,Kota Bharu,48547
577,Lamond,Lagoaça,54503
764,Kally,Besukrejo,36576
656,Locke,Candelaria,31151
67,Isiahi,Kylmäkoski,69962
309,Jeffie,Oliver,39548
980,Tamarra,Czarnowąsy,85221
385,Chan,Catujal Velho,76489
173,Theodor,Ocucaje,58904
99,Giusto,Mukdahan,33473
366,Lalo,Valle de Ángeles,80149
629,Meade,Mayo,12235
16,Gabbi,Richmond,56125
383,Melany,Ngrejo,53906
170,Olympia,Lajarik,99381
550,Ham,Alcains,56321
992,Bree,Villanueva,84123
365,Gerrilee,Kasingan,14562
155,Heddi,Lutomiersk,18098
866,Tomaso,Geputan,91809
8,Elene,Gaoxu,20196
687,Herminia,Rockford,35446
205,Nicki,Dubu,46256
429,Iggy,Baun,68334
51,Giselle,Masoli,85730
69,Emmery,Hedaru,30751
233,Hatti,Yinkeng,71578
154,Tobiah,Bystřice nad Pernštejnem,37401
267,Willy,Laboulaye,40590
399,Amelina,Nijmegen,18304
275,Trix,Bogolyubovo,43773
94,Marty,Efeng,83739
215,Shea,Rerawere,20403
276,Lana,Okulovka,16846
807,Victoria,Fort Macleod,21388
212,Veronica,Meizhou,97722
292,Erna,Pulosari,52250
942,Howie,Tervel,49289
177,Emlynn,Huagang,57770
72,Darby,Lyon,18950
28,Archibaldo,Calibutbut,10854
812,Fiorenze,Kostel,44736
265,Yoshi,Kota Kinabalu,46527
714,Iona,São Lourenço da Mata,68913
769,Joelle,Bendilwungu Lor,26385
13,Eben,Clondalkin,92736
365,Quill,Nyamanari,74680
866,Llewellyn,Kalávryta,33981
835,Legra,Quípama,13075
625,Cesaro,Lambangan Kulon,26273
242,Jeramey,Garoua Boulaï,84109
690,Erich,Mutangyuan,44553
430,Marylynne,Wuyang,41417
913,Temple,Saryözek,27129
726,Blisse,Kėdainiai,61637
709,Goran,Si Sa Ket,12100
619,Moll,Nankāna Sāhib,29177
970,Rubetta,La Roche-sur-Yon,23364
646,Erin,Youxi,40453
736,Donielle,Gumaus,94822
174,Gerti,Hushan,54756
550,Marget,Bira,16456
768,Aurel,Domont,99266
96,Bobby,Miejsce Piastowe,24065
300,Roi,Warren,63619
171,Nara,Tabonok,97604
566,Allyson,Fraga,54416
291,Janie,Chengjiang,99304
330,Angus,Shangjie,98618
112,Brian,Babo-Pangulo,19003
28,Drew,Ouzini,12012
29,Jeniece,Uherce Mineralne,58129
561,Quinton,Fujishiro,50021
730,Yolanthe,Embalse,54257
566,Dagmar,Baoxing,98027
999,Charlot,Berkovitsa,78176
645,Octavius,Miguel Hidalgo,16402
956,Shelley,May Pen,81824
933,Roseanna,Pasarkuok,12989
167,Anthea,Jinfeng,90111
866,Giffer,Yuhang,23592
838,Tilly,Kolbudy,92641
580,Jamal,Pasonobenu,51612
230,Andris,Suklayin,92687
297,Vonnie,Sertolovo,13360
945,Brittaney,Basud,29785
254,Sile,Ouro Preto,99782
598,Lizzy,Sinyavino,49458
566,Rodney,Bebedouro,72474
576,Stanly,Pak Phayun,64699
395,Daryl,Urrao,53459
261,Valli,Punta del Este,62842
774,Alvinia,Pamatang,65221
119,Birch,Paris 13,84244
335,Jenine,Okcheon,44648
24,Doug,Djounie,98953
45,Gregoor,Lazaro Cardenas,94027
234,Vivien,San Juan,67262
463,Eirena,Boulder,55462
560,Carver,Passos,69286
292,Aron,Parintins,84064
831,Michail,Páchni,75092
640,Magdalene,Moshiyi,92035
113,Miguel,Pangani,60505
924,Ceil,Gasan,89679
117,Cathryn,Nancy,20074
253,Angelika,Sam Chuk,83988
683,Mario,Beiling,50910
168,Henriette,Almaguer,24171
335,Pren,Pereslavl’-Zalesskiy,13459
149,Evonne,Zhouxi,74312
644,Annaliese,Jega,74444
575,Lydie,Haoraoshan,75217
138,Lincoln,Klukeng,32174
38,Easter,Lubei,79307
616,Tracee,Bagacay,15933
308,Teodor,Banjar Sebual,21541
507,James,Jīt,65632
724,Aurora,Yangfang,65475
265,Mord,Rio Negro,10719
52,Gene,Tunzhai,18322
327,Christi,Tādif,67507
179,Jenica,Kruševica,46473
443,Roseanna,Al Tuḩaytā’,38774
332,Angel,Bara Datu,64815
225,Maren,Palmar de Varela,59938
662,Taddeusz,Huamali,77755
769,Fredek,Andongsari,95713
537,Cos,Indramayu,83738
397,Miller,Mandi Bahāuddīn,46555
780,Dorothea,Alquerubim,75024
961,Farrell,Antopal’,89945
33,Leopold,Dayrūţ,73017
159,Rollins,Kiarajangkung,97764
68,Isa,Orléans,79474
903,Claudelle,Tuanzhou,47790
471,Orlando,Shchelkovo,78672
452,Vannie,Karangagung Timur,42437
166,Dru,Lārkāna,46252
17,Linnell,Biscucuy,13581
100,Wenona,Bingawan,41929
149,Deena,Tiantang,83189
794,Lorine,Changqiao,13305
606,Emelina,Ikata-chō,28659
327,Ethe,Oeleon,99822
457,Albertine,Beringovskiy,77314
507,Shandee,Repušnica,92174
614,Milka,Rovnoye,93632
157,Fiona,Bloomington,41429
21,Trueman,Adrasmon,48053
972,Faber,Khrebtovaya,70824
954,Roxie,Pangpang,27920
288,Doloritas,Shaykh al Ḩadīd,45052
466,Cathryn,Hetou,22302
109,Jewell,Yag La,79410
869,Portia,Zambujal,97788
535,Justinian,Khrystynivka,30219
254,Deanna,Miaogou,77612
910,Issy,Mojolampir,47405
937,Edsel,Svenljunga,63831
570,Tybalt,Vatutine,86455
202,Filia,Jintao,42914
414,Kimble,Areia Branca,51724
514,Odilia,Tochio-honchō,65754
907,Ladonna,Paitan,23276
620,Arabela,Skanör,28989
307,Tabbatha,La Trinidad,72020
380,Tito,Sakharovo,65403
782,Goldy,Smach Mean Chey,68680
110,Burl,Ledenice,90402
541,Gardy,Machalí,29692
837,Trixy,Chenhu,67330
593,Deedee,Vallegrande,53888
808,Bunny,Matão,58460
617,Huntington,Zborište,81539
269,Emeline,Tarnowiec,37577
738,Yettie,Gayny,16976
561,Roanna,Penitik,16183
259,Petronille,Gradec,84991
494,Hubie,Xincun,86757
440,Jacquelin,Ocho Rios,30213
854,Rebecka,Ji’ergele Teguoleng,95315
436,Minor,Liên Chiểu,53828
940,Barny,Kastélli,75332
811,Inigo,Mramani,22230
724,Heath,Milltown,53344
266,Ryley,Ikaalinen,58552
326,Pamella,Návsí u Jablunkova,57250
703,Raven,Umbanyar,97907
316,Gaby,Hrvace,88241
561,Cletis,Jingchuan Chengguanzhen,88030
148,Heinrik,Kondrovo,50094
821,Sigvard,Dailekh,50319
92,Wilow,Benito Juarez,79014
252,Selig,Kelīshād va Sūdarjān,47470
513,Trent,Altanbulag,10150
916,Delainey,Soras,97415
225,Yehudi,Marco,62928
440,Dew,Dukuhpicung,67431
757,Way,Trzebiatów,62565
537,Jillian,Gokwe,46876
269,Sherilyn,Serzedo,87046
55,Davina,Malie,73027
567,Emily,Al ‘Ashshah,89256
595,Reba,Bambuí,78787
219,Brita,Velké Hoštice,54734
704,Isabelita,Mazongling,71262
481,Pavla,Campoalegre,25793
473,Dyanne,Samborondón,21096
270,Whitman,Kratovo,25918
69,Gerrard,Magdug,43966
784,Sharon,Yangping,33608
136,Rabi,Jebba,41006
6,Eberto,Bueng Kan,25878
929,Chantal,Armen,62434
937,Lemmy,Kalibuntu,47825
509,Leanora,Rāiwind,56830
338,Caro,Eséka,50565
653,Callie,Clervaux,94640
707,Nettie,Ikeja,20319
182,Rollie,Sutton,78139
664,Babs,Wenfu,10394
155,Korie,Liushun,22082
517,Michal,Klina,67085
327,Enoch,Chodów,72694
755,Levi,Zhouling,12440
145,Philbert,Barabedang,46051
433,Dewie,Binalbagan,85793
723,Hamlin,Marneuli,42164
530,Carlee,Mozi,50476
13,Kermie,Águas,59818
969,Leupold,Póvoa,12943
980,Jaimie,Babakanloa,68262
275,Lindsy,Kamennyye Potoki,47258
19,Karlyn,Shin’ichi,48357
433,Gerladina,Lérida,13816
939,Nathanael,Grabów nad Prosną,23332
400,Gardie,San Fernando de Atabapo,48138
861,Kathi,Muting,85585
196,Britt,Eirunepé,84392
481,Deck,Matungao,26589
531,Moore,Poteran,66885
840,Fin,La Sabana,74011
552,Jonis,Kiuteta,87828
653,Matti,Masumbwe,99848
673,Heloise,Dadapan,84693
918,Delores,Fatou,33743
487,Saunders,Omigawa,94618
425,Tybi,Baiyang,40622
968,Kendricks,Cheping,54026
81,Bibbie,Vyshchetarasivka,11217
569,Torrance,Yanjiang,99975
990,Ambrosio,Barreiras,80510
655,Lin,Dhamār,37313
616,Lacy,Wińsko,17064
611,Marline,Zakroczym,35061
356,Ferdinande,Tama,37693
529,Mariellen,Sankwia,81148
67,Cherilyn,Kovářov,86369
228,Eadie,Kurume,95225
43,Harris,Huating,35158
732,Mariel,Famões,86076
420,Honey,Phù Mỹ,28315
841,Jolee,Thomastown,22124
587,Elbertina,Jiazhuang,29808
395,Faber,Sara Kunda,43721
705,Koral,Quimper,31284
909,Nealon,Yunxi,16050
547,Cacilie,Mjölby,35087
523,Cart,Sanana,32444
781,Raynard,Karangsari,46555
959,Barret,Ḩalabjah,86832
450,Ben,Nampera,98836
463,Silvana,Penha Longa,26373
946,Joachim,San Andrés,74590
355,Darill,Yokotemachi,42784
464,Alis,Al Fandaqūmīyah,43444
914,Costa,Al Jīzah,86956
724,Saleem,Laya,73507
733,Donaugh,Jieshan,18137
512,Adlai,Sendafa,98272
465,Calvin,Dalai,32537
415,Jedediah,Povedniki,58243
907,Gaby,Неготино,59068
307,Ernst,Ban Mai,86926
428,Hildegaard,Shuanggang,77411
292,Stefa,Sagbayan,77156
976,Kittie,Phoenix,22321
202,Deerdre,Gabaldon,30027
423,Bernelle,Mörrum,90848
166,Virgie,Arlington,22841
607,Ward,Bakung,37750
936,Cchaddie,Hongch’ŏn,93440
304,Vinnie,Atyrau,58895
43,Ketty,Upata,87611
197,Mommy,Paris 07,10275
552,Kandy,Anyu,38358
444,Anthia,Ziguinchor,60352
631,Elsinore,Ashbourne,47500
88,Georgeta,Lipnica Wielka,30853
553,Aggie,Hali,49239
827,Kelsy,Wuci,99185
687,Danie,Minneapolis,51450
856,Dorey,Kālābāgh,90239
676,Stefan,Mori,53886
963,Dionis,Tsiatsan,40961
969,Andy,São Julião do Tojal,42092
591,Mace,Vicente Guerrero,40646
891,Falito,Vershino-Shakhtaminskiy,97040
222,Jobie,Yangsi,68080
155,Franky,Sollefteå,70866
343,Arlen,Hezhi,68516
573,Chlo,Simi Valley,95923
502,Gris,Oumiao,60033
529,Kendall,Guruyan,73831
11,Celina,Ignacio Zaragoza,86797
740,Smith,Tangpu,90253
726,Karlyn,Lindavista,44713
725,Caddric,Anchorage,48937
452,Arte,Mílos,63547
550,Son,Bayasgalant,88546
936,Maitilde,Cícero Dantas,20101
6,Dell,Plaški,70955
969,Papageno,Sargodha,88549
98,Levon,Asquipata,63949
253,Isacco,Cihaladan,97623
488,Lynnell,Bente,42516
14,Alexandros,Vale,57087
637,Susana,Maranganí,26705
255,Tildy,Yantian,40023
698,Stanwood,Lapai,92406
105,Ahmad,Papakura,82047
247,Amby,Bègles,73015
694,Tate,Ishiki,18609
460,Shell,Pacucha,35215
578,Remus,Uspenskoye,76213
207,Blancha,Boende,55742
191,Dode,Keroak,15187
110,Denni,Yabuli,76512
6,Whitney,Rislane,68981
406,Edsel,Thymianá,65255
283,Cletus,Tankhoy,17453
716,Giacomo,Várzea Paulista,97361
573,Bryna,Qianxu Zhen,36570
114,Tabbitha,Longyuanba,96493
407,Enrika,Dongbang,11077
504,Holt,Nueva Arica,75131
304,Tine,Dalkey,87499
146,Isabeau,Pandan Niog,49865
847,Osmund,Ngenden,93330
492,Parry,Shilovo,12846
567,Emery,Kingersheim,43467
930,Elfrida,Líbeznice,93212
127,Marlyn,Tomaszów Lubelski,99054
513,Lyndsay,Ampelókipoi,55023
809,Tootsie,Tangpu,34483
312,Dominik,Longgao,65161
322,Susy,Yershov,14121
57,Blondy,Don Carlos,52943
733,Kevon,Bealanana,59208
379,Raine,Abéché,85723
717,Lem,Thaon-les-Vosges,31634
379,Consolata,Kamuli,26463
24,Chelsey,Caucasia,79758
616,Joyous,Kalenderovci Donji,64115
621,Laurene,Nytva,91334
123,Sigmund,Shizuishan,87081
687,Melinde,Huzhuang,11433
328,Trstram,Santander,85363
368,Lyndsay,Dhidhdhoo,70130
459,Romain,Sanjian,12422
59,Sheffy,Izbicko,43883
215,Kassey,Gemena,63197
510,Abagail,Benito Juarez,76718
8,Evangelin,Dayushu,50483
230,Blane,Seroa,60534
345,Milli,Ronda,65347
993,Dynah,Lomma,55183
187,Clio,Denver,17552
285,Corly,Meruge,22499
593,Leontyne,Lucban,32971
189,Alva,Castleblayney,88394
450,Lance,Pengxing,75546
985,Jacquie,Kolbano,42204
240,Mendel,Dongfeng,41047
514,Adore,El Corozo,82210
75,Lise,Pregrada,42820
469,Shandy,Salcedo,66956
407,Enrique,Komarno,73723
770,Marietta,San Antonio de los Cobres,96507
916,Tally,Balally,57380
761,Neall,Alajuela,95034
862,Sterne,Almaguer North,93087
153,Pall,Midland,96797
995,Lorry,Teculután,69581
290,Kyle,Markušica,65781
789,Juieta,Evansville,89203
74,Tiertza,Panique,11530
990,Vick,Dasiping,40678
358,Griselda,Mariestad,48101
987,Cullen,Livramento,11339
77,Lyon,Boje,65169
928,Adan,Dallas,92465
546,Rozalin,Chugay,90018
546,Morgen,Gawul,36974
788,Murdoch,Tomaszów Lubelski,83481
763,Larisa,Kocēni,67636
216,Sanders,Pinglumiao,79828
195,Yorker,Hangji,57639
843,Vernon,Parravak’ar,48302
353,Carrie,Toulouse,30477
612,Luise,San Carlos,19110
487,Margaux,Palhais,49818
645,Golda,Kyonju,18868
960,Becky,Rovensko pod Troskami,60325
432,Pamelina,Stockholm,89771
184,Lauren,Moyogalpa,33913
144,Irina,Keffi,99711
461,Miltie,Embu Guaçu,55696
731,Spenser,Ivanivka,39316
864,Garnette,Yamaranguila,68025
446,Katee,Sasa,77212
515,Sharia,Bilopillya,94681
953,Mirabel,Vanves,49277
92,Nananne,Bali,98024
967,Tiff,Putrajaya,69279
25,Hernando,Mtsamdou,44365
306,Shaine,Polykárpi,55704
816,Edin,Albany,69182
775,Molli,Matsutō,75399
247,Glenda,Klimontów,93132
648,Osborne,Tanarara,28247
402,Devon,Lindome,97238
771,Kala,Bronnitsy,68519
1000,Pollyanna,Berlin,53348
113,Xenia,Changsha,91492
466,Dreddy,Suchen,63072
305,Georgy,Nancy,87649
597,Linc,‘Awaj,11240
656,Lynnea,Qinglin,15507
767,Jessika,Zubin Potok,84267
238,Estevan,Guará,28016
343,Shurlock,Rogóźno,61124
249,Leila,Gyigang,25163
815,Moyra,Cincinnati,65434
705,Lauri,Cherga,21232
695,Pepillo,Sere,71054
551,Priscilla,Tazouta,51874
81,Torr,Plyussa,27463
434,Ki,Huasta,93613
513,D'arcy,Jinhu,80403
638,Maxy,Muesanaik,75722
178,Hasty,Shashemenē,66259
135,Kendre,Seputih,59477
98,Tadio,Ilha de Moçambique,67782
804,Terrence,Yamoussoukro,59287
618,Lilla,Ejigbo,93499
453,Kendra,Lons-le-Saunier,14763
222,Darby,Oral,26131
612,Willabella,Amadora,37627
769,Bobby,Karangdawa Barat,34242
809,Dalt,Junín,56028
495,Mufi,Pilníkov,49698
472,Vinni,Kočevje,18110
74,Tomasina,Pingyin,51854
549,Ernie,Rio das Ostras,57656
41,Chere,Roanne,76236
505,Xerxes,Qinghe,45284
730,Vilma,Caazapá,99881
853,Brear,Xiaochengzi,99699
986,Gallagher,Princeton,94213
46,Bernadene,Putrajaya,23368
917,Kenyon,Palestina,76980
698,Maude,Pianbai,13688
878,Cynthea,Suisan,60025
266,Eugenio,Lagarto,77026
846,Friedrick,Rosario,96734
16,Grove,Paris 02,52567
26,Gino,Ilha Solteira,92254
320,Garth,Gweedore,80206
681,Brit,Dobrich,99520
319,Judah,Santa Cruz das Flores,19355
280,Kaitlin,Ungheni,17687
218,Golda,Tuanfeng,40444
60,Glory,Yushanpu,81966
992,Joye,Lafayette,96224
957,Julius,Lokokrangan,31405
344,Thadeus,Nongoma,13334
868,Christy,Agat Village,29103
622,Zack,Kangar,26001
641,Fay,Denpasar,40363
862,Walton,Komyshnya,79270
678,Dinah,Tafí Viejo,99792
208,Sayres,Huangtugang,52734
899,Marita,Gulai,22247
867,Alexandra,Kiyawa,23037
657,Mohandis,Huangdao,30265
634,Alfy,Gatesville,20248
41,Mimi,Tanahwurung,35439
948,Bronson,Asahikawa,92841
403,Conchita,Koumra,56168
987,Borden,Qutqashen,20245
711,Jorry,Сарај,94646
120,Sherry,Kawaguchi,53625
114,Arty,Lingzhi,84351
314,Hephzibah,Shiqiao,78845
46,Adela,‘Ajlūn,49466
787,Octavius,Gastoúni,43089
101,Sherwynd,Pecatu,50572
512,Boyce,Vilarinho,57970
471,Galen,Chã Grande,10546
656,Ernest,Trindade,20404
585,Hendrika,San Marcos,95467
869,Delphine,Mitrovicë,39093
212,Sydelle,Ibarra,85748
529,Nickolas,Bamut,20734
993,Darn,Changshou,55947
103,Earl,Krzczonów,51894
318,Angela,Dzikowiec,55499
157,Margi,Fuyo,78901
920,Libbey,Guadalupe,80296
821,Hoyt,Lebahseri,14671
137,Lyndsie,Voi,16128
667,Ber,Challas,74076
2,Dinny,Chengxiang,41515
665,Millie,Feng’an,82854
625,Jeanna,Obama,89274
176,Imogen,Liusi,64193
944,Justis,Roanne,32365
650,Keir,San Nicolas,95794
183,Kenton,Tsirang,79565
510,Brittan,Dhahab,16343
11,Binny,Maquiapo,86698
10,Lora,Três Lagoas,94782
383,Andris,Zhonghouhe,97200
462,Stepha,La Plaine-Saint-Denis,57395
535,Aimil,Ciomas,67222
291,Lay,Micheng,46459
920,Quillan,Dashtavan,98091
953,Lotti,Huangmei,15029
566,Rianon,Zürich,66967
503,Thorndike,Zakhim,19243
586,Jeffy,Unión de Reyes,25905
749,Leigh,Baoxu,21358
229,Debbie,Rancamaya,19889
840,Blondelle,Hongyi,80617
191,Egbert,Santo António,57205
992,Cy,Kohtla-Järve,66526
526,Tobie,Guandian,65532
471,Evyn,Tsinandali,56289
971,Bria,Velké Němčice,56386
395,Alic,Ágios Geórgios,12698
480,Del,Yangmiao,43299
325,Christen,Ballyboden,25896
160,Andra,Zátor,88664
335,Olag,Fenghua,54408
404,Ethan,Huayuan,22398
128,Rory,Yorii,19193
499,Lydia,Tršić,93282
10,Omar,Rivera,51134
538,Glenine,Sukarame,70444
519,Elyssa,La Suiza,23753
636,Sullivan,Bichura,27037
860,Alfred,Jatirejo,76239
234,Georgie,Medellin,76302
414,Madelin,Balboa,63165
99,Cary,Careva Ćuprija,26466
222,Ofelia,Talca,34860
580,Darbie,Rawaapu,74501
274,Salim,Tajimi,42127
561,Janaye,Enjitsu,44014
759,Leon,Mi’ersi,84850
157,Veda,Vyškov,81394
373,Georgianne,Tungoo,48824
513,Goldi,Baishuitan,54120
18,Giacinta,Säter,90437
645,Tull,Odessa,26298
338,Bjorn,Caramanta,17340
209,Kailey,Brzyska,67777
533,Elle,Koh Kong,42341
984,Eldredge,Taouima,89574
251,Rhody,Tarbes,73502
566,Ethelyn,Crossfield,51962
45,Tynan,Onueke,86859
65,Rosco,Zarichchya,45875
343,Lindon,Popova,16129
22,Katlin,Birmingham,96478
933,Milton,K’ulashi,48510
881,Ikey,Carapelhos,60359
627,Pedro,La Libertad,52594
817,Celeste,Aknīste,37886
648,Jozef,Taoyuan,93332
576,Benji,Täby,16170
369,Lynde,Pan-an,42520
259,Mario,Ratchathewi,32792
104,Leopold,Viimsi,78000
6,Torrie,Koszarawa,14189
929,Evvie,Drobin,73685
858,Zaneta,Andrijevica,49800
379,Angelica,Bahorí,13461
832,Warde,Stoczek Łukowski,77504
485,Burt,Lypnyazhka,18333
861,Tierney,Lagny-sur-Marne,37905
822,Joellyn,Zhangxi,32052
331,Colver,Debar,83524
39,Arlyn,Vingåker,30439
131,Olly,Pule,10280
237,Drona,Ryazan’,61685
788,Stacy,Alegria,70134
518,Martyn,Kowŏn-ŭp,22620
666,Law,Zaki Biam,62961
485,Elianora,Boston,44056
726,Carl,Cela,85524
455,Rainer,Zhongpai,79848
278,Doyle,Soufrière,21129
516,Bev,Bayanhongor,37124
434,Vivienne,Chocope,29232
674,Karmen,Taiping,53673
656,Shelby,Týn nad Vltavou,45136
229,Debor,Moravský Beroun,97230
56,Ermanno,Chicoana,37344
775,Elizabeth,Zolotonosha,67906
87,Christen,Międzybrodzie Bialskie,13482
172,Andreas,Spassk-Dal’niy,88281
978,Jena,Liljendal,91573
308,Orland,Wangbuzhuang,63827
591,Addi,Itabuna,10079
894,Sebastiano,Sājūr,80673
10,Lacie,Hwasun,45049
233,Shaylynn,Gálvez,21113
466,Sharl,Orsha,83239
482,Philip,Huayan,52825
